Date,NCC,StrokePrim,StrokeCon,GenNeuro,Epilepsy,
2021-02-16 22:24,19,14,1,11,0,
2021-02-17 08:58,17,14,1,12,0,
2021-02-17 14:30,17,14,1,11,0,
2021-02-17 19:20,18,15,2,9,0,
2021-02-18 02:30,16,15,5,12,0,
2021-02-18 07:20,16,15,5,12,0,
2021-02-18 14:30,18,15,5,12,0,
2021-02-18 19:20,17,12,3,9,0,
2021-02-19 02:30,18,12,3,9,0,
2021-02-19 07:20,16,13,3,9,0,
2021-02-19 14:30,18,13,3,8,0,
2021-02-19 19:20,16,11,3,7,0,
2021-02-20 02:30,15,14,3,7,0,
2021-02-20 07:20,17,11,5,10,0,
2021-02-20 14:30,17,11,7,10,0,
2021-02-20 19:20,15,11,7,10,0,
2021-02-21 02:30,14,11,8,10,0,
2021-02-21 07:20,14,11,8,10,0,
2021-02-21 14:30,13,12,7,11,0,
2021-02-21 19:20,13,12,7,13,0,
2021-02-22 02:30,13,12,7,13,0,
2021-02-22 07:20,14,13,7,15,0,
2021-02-22 14:30,14,13,8,14,1,
2021-02-22 19:20,16,14,7,13,1,
2021-02-23 02:30,15,14,8,15,1,
2021-02-23 07:20,14,14,8,15,1,
2021-02-23 14:30,14,14,9,9,1,
2021-02-23 19:20,16,11,10,12,1,
2021-02-24 02:30,14,13,11,13,1,
2021-02-24 07:20,15,14,12,17,1,
2021-02-24 14:30,15,14,8,16,1,
2021-02-24 19:20,14,12,7,13,1,
2021-02-25 02:30,13,13,7,14,1,
2021-02-25 07:20,12,14,10,16,1,
2021-02-25 14:30,12,14,9,11,1,
2021-02-25 19:20,11,14,6,12,1,
2021-02-26 02:30,12,12,5,11,1,
2021-02-26 07:20,12,12,5,16,1,
2021-02-26 14:30,12,12,7,16,1,
2021-02-26 19:20,10,12,15,11,0,
2021-02-27 02:30,13,12,9,13,0,
2021-02-27 07:20,12,12,7,14,0,
2021-02-27 14:30,12,12,7,13,0,
2021-02-27 19:20,13,10,7,15,0,
2021-02-28 02:30,12,11,7,14,0,
2021-02-28 07:20,13,11,9,16,0,
2021-02-28 14:30,13,11,11,19,0,
2021-02-28 19:20,12,11,8,21,0,
2021-03-01 02:30,12,11,9,22,0,
2021-03-01 07:20,12,11,9,22,0,
2021-03-01 14:30,14,11,9,16,2,
2021-03-01 19:20,13,10,9,16,2,
2021-03-02 02:30,14,9,9,18,2,
2021-03-02 07:20,16,9,9,20,2,
2021-03-02 14:30,16,10,8,17,2,
2021-03-02 19:20,15,10,6,16,2,
2021-03-03 02:30,16,10,6,15,2,
2021-03-03 07:20,16,11,7,14,2,
2021-03-03 14:30,17,12,8,7,2,
2021-03-03 19:20,19,11,9,6,2,
2021-03-04 02:30,20,9,10,8,2,
2021-03-04 07:20,19,9,9,12,2,
2021-03-04 14:30,17,9,10,11,2,
2021-03-04 19:20,16,9,9,13,2,
2021-03-05 02:30,15,10,10,12,2,
2021-03-05 07:20,16,9,11,14,2,
2021-03-05 14:30,14,7,9,6,2,
2021-03-05 19:20,13,7,6,7,1,
2021-03-06 02:30,13,7,5,9,1,
2021-03-06 07:20,14,6,7,11,0,
2021-03-06 14:30,14,5,9,9,0,
2021-03-06 19:20,13,7,10,12,0,
2021-03-07 02:30,13,7,14,14,0,
2021-03-07 07:20,13,6,12,17,0,
2021-03-07 14:30,13,6,11,15,0,
2021-03-07 19:20,14,6,10,13,0,
2021-03-08 02:30,12,8,10,12,0,
2021-03-08 07:20,12,8,10,12,0,
2021-03-08 14:30,12,8,8,15,3,
2021-03-08 19:20,13,8,8,15,3,
2021-03-09 02:30,14,7,8,16,3,
2021-03-09 07:20,14,7,8,16,3,
2021-03-09 14:30,13,7,11,17,3,
2021-03-09 19:20,14,6,6,17,3,
2021-03-10 02:30,13,6,7,17,3,
2021-03-10 07:20,13,6,8,18,2,
2021-03-10 14:30,17,6,7,21,2,
2021-03-10 19:20,17,6,9,21,2,
2021-03-11 02:30,15,7,9,24,2,
2021-03-11 07:20,15,7,10,24,2,
2021-03-11 14:30,13,8,8,23,2,
2021-03-11 19:20,13,9,9,26,2,
2021-03-12 02:30,12,10,9,26,2,
2021-03-12 07:20,12,10,10,26,2,
2021-03-12 14:30,12,10,11,22,2,
2021-03-12 19:20,12,9,5,24,2,
2021-03-13 02:30,11,9,6,21,2,
2021-03-13 07:20,10,10,5,23,2,
2021-03-13 14:30,10,9,6,26,2,
2021-03-13 19:20,10,9,7,28,2,
2021-03-14 07:20,10,9,7,26,2,
2021-03-14 14:30,10,9,7,26,0,
2021-03-14 19:20,12,9,7,29,0,
2021-03-15 02:30,11,9,7,28,0,
2021-03-15 07:20,11,9,8,28,0,
2021-03-15 14:30,11,9,7,25,0,
2021-03-15 19:20,12,11,6,24,1,
2021-03-16 02:30,12,11,8,26,1,
2021-03-16 07:20,11,11,8,28,1,
2021-03-16 14:30,13,12,5,26,1,
2021-03-16 19:20,14,12,5,21,1,
2021-03-17 02:30,13,12,6,21,1,
2021-03-17 07:20,13,12,9,22,1,
2021-03-17 14:30,11,13,9,24,1,
2021-03-17 19:20,11,13,9,24,1,
2021-03-18 02:30,11,14,9,23,1,
2021-03-18 07:20,11,13,10,25,1,
2021-03-18 14:30,11,13,8,27,1,
2021-03-18 19:20,10,13,10,21,1,
2021-03-19 02:30,10,13,10,20,1,
2021-03-19 07:20,8,9,11,21,1,
2021-03-19 14:30,7,9,10,20,1,
2021-03-19 19:20,9,9,11,14,1,
2021-03-20 02:30,10,9,11,13,1,
2021-03-20 07:20,10,8,12,16,1,
2021-03-20 14:30,10,6,7,16,1,
2021-03-20 19:20,11,6,7,16,1,
2021-03-21 02:30,11,6,7,16,1,
2021-03-21 07:20,11,6,11,20,1,
2021-03-21 14:30,11,7,10,16,1,
2021-03-21 19:20,12,7,10,18,1,
2021-03-22 02:30,11,7,10,16,1,
2021-03-22 07:20,11,7,10,16,1,
2021-03-22 14:30,13,8,9,17,2,
2021-03-22 19:20,14,8,10,15,2,
2021-03-23 02:30,13,7,12,16,2,
2021-03-23 07:20,12,7,12,16,2,
2021-03-23 14:30,14,7,10,16,2,
2021-03-23 19:20,10,9,7,16,2,
2021-03-24 02:30,10,9,8,17,2,
2021-03-24 07:20,10,9,10,17,2,
2021-03-24 14:30,11,7,10,16,1,
2021-03-24 19:20,11,9,11,16,1,
2021-03-25 02:30,11,8,12,16,1,
2021-03-25 07:20,11,8,12,16,1,
2021-03-25 14:30,13,9,13,15,1,
2021-03-25 19:20,13,9,12,16,1,
2021-03-26 02:30,14,9,13,16,1,
2021-03-26 07:20,13,9,14,19,1,
2021-03-26 14:30,14,9,14,19,1,
2021-03-26 19:20,13,7,17,21,1,
2021-03-27 02:30,13,7,17,20,1,
2021-03-27 07:20,14,7,18,20,1,
2021-03-27 14:30,14,5,21,20,1,
2021-03-27 19:20,14,4,22,20,0,
2021-03-28 02:30,13,5,21,23,0,
2021-03-28 07:20,13,5,20,23,0,
2021-03-28 14:30,13,5,21,24,0,
2021-03-28 19:20,13,5,22,23,0,
2021-03-29 02:30,13,5,20,22,0,
2021-03-29 07:20,13,5,20,22,0,
2021-03-29 14:30,14,5,22,20,1,
2021-03-29 19:20,14,4,22,15,1,
2021-03-30 02:30,13,6,16,18,1,
2021-03-30 07:20,13,6,17,19,1,
2021-03-30 14:30,15,6,16,15,1,
2021-03-30 19:20,15,7,13,14,1,
2021-03-31 02:30,14,9,14,17,1,
2021-03-31 07:20,13,9,14,15,1,
2021-03-31 14:30,13,10,14,17,1,
2021-03-31 19:20,11,10,16,16,1,
2021-04-01 02:30,10,11,16,17,1,
2021-04-01 07:20,9,11,16,17,1,
2021-04-01 14:30,9,11,16,14,1,
2021-04-01 19:20,9,11,14,14,1,
2021-04-02 02:30,8,10,15,16,1,
2021-04-02 07:20,8,10,15,18,1,
2021-04-02 14:30,8,9,15,18,1,
2021-04-02 19:20,9,8,16,17,1,
2021-04-03 02:30,10,8,16,17,1,
2021-04-03 07:20,10,8,16,22,1,
2021-04-03 14:30,10,8,14,22,1,
2021-04-04 02:30,9,8,15,24,1,
2021-04-04 07:20,10,8,15,24,1,
2021-04-04 14:30,10,7,15,24,0,
2021-04-04 19:20,9,8,13,25,0,
2021-04-05 02:30,10,8,13,25,0,
2021-04-05 07:20,10,8,13,23,0,
2021-04-05 14:30,10,8,13,23,1,
2021-04-05 19:20,11,9,14,25,2,
2021-04-06 02:30,9,10,13,32,2,
2021-04-06 07:20,9,9,13,33,2,
2021-04-06 14:30,9,10,13,27,2,
2021-04-06 19:20,10,9,14,24,2,
2021-04-07 02:30,9,9,15,24,2,
2021-04-07 07:20,8,9,15,23,2,
2021-04-07 14:30,7,9,10,23,2,
2021-04-07 19:20,7,9,11,27,2,
2021-04-08 02:30,7,6,12,26,2,
2021-04-08 07:20,7,5,12,26,2,
2021-04-08 14:30,9,6,11,25,2,
2021-04-08 19:20,8,8,11,21,2,
2021-04-09 02:30,8,8,13,21,2,
2021-04-09 07:20,8,8,11,22,1,
2021-04-09 14:30,9,8,11,14,1,
2021-04-09 19:20,9,7,6,13,1,
2021-04-10 02:30,9,7,6,18,1,
2021-04-10 07:20,9,7,6,17,1,
2021-04-10 14:30,9,6,6,13,1,
2021-04-10 19:20,8,8,6,14,1,
2021-04-11 02:30,9,6,7,13,1,
2021-04-11 07:20,9,6,7,12,1,
2021-04-11 14:30,8,9,9,13,1,
2021-04-11 19:20,9,10,8,13,1,
2021-04-12 02:30,8,10,8,14,1,
2021-04-12 07:20,7,8,8,13,1,
2021-04-12 14:30,8,8,8,12,1,
2021-04-12 19:20,6,8,8,13,1,
2021-04-13 02:30,5,9,6,17,1,
2021-04-13 07:20,6,9,6,18,1,
2021-04-13 14:30,9,9,7,16,1,
2021-04-13 19:20,10,8,7,19,1,
2021-04-14 02:30,12,7,8,20,1,
2021-04-14 07:20,13,7,10,22,0,
2021-04-14 14:30,11,6,11,24,0,
2021-04-14 19:20,9,6,12,22,0,
2021-04-15 02:30,8,9,12,23,0,
2021-04-15 07:20,8,8,13,24,0,
2021-04-15 14:30,9,8,13,25,0,
2021-04-15 19:20,12,9,10,30,0,
2021-04-16 02:30,11,8,10,30,0,
2021-04-16 07:20,11,7,10,30,0,
2021-04-16 14:30,11,7,11,24,0,
2021-04-16 19:20,11,9,8,26,0,
2021-04-17 02:30,12,10,9,28,0,
2021-04-17 07:20,13,11,9,28,0,
2021-04-17 14:30,13,11,8,29,0,
2021-04-17 19:20,13,11,8,26,0,
2021-04-18 02:30,13,11,8,25,0,
2021-04-18 07:20,13,11,8,25,0,
2021-04-18 14:30,11,11,7,25,0,
2021-04-18 19:20,11,11,7,26,0,
2021-04-19 02:30,10,11,9,20,0,
2021-04-19 07:20,11,13,8,22,0,
2021-04-19 14:30,11,13,7,24,0,
2021-04-19 19:20,11,13,6,22,0,
2021-04-20 02:30,9,10,9,25,0,
2021-04-20 07:20,9,9,8,24,0,
2021-04-20 14:30,11,9,9,20,0,
2021-04-20 19:20,11,8,9,18,0,
2021-04-21 02:30,11,8,10,21,0,
2021-04-21 07:20,12,8,10,20,0,
2021-04-21 14:30,12,9,9,20,0,
2021-04-21 19:20,9,10,7,23,0,
2021-04-22 02:30,10,8,7,25,0,
2021-04-22 07:20,10,8,7,22,0,
2021-04-22 14:30,10,8,9,25,0,
2021-04-22 19:20,9,8,10,24,0,
2021-04-23 02:30,7,9,8,24,0,
2021-04-23 07:20,7,9,9,26,0,
2021-04-23 14:30,8,9,9,26,0,
2021-04-23 19:20,8,7,7,20,0,
2021-04-24 02:30,9,4,8,20,0,
2021-04-24 07:20,10,4,9,19,0,
2021-04-26 08:40,9,8,9,25,0,
2021-04-26 14:30,13,7,8,24,0,
2021-04-26 19:20,14,7,10,23,0,
2021-04-27 02:30,13,8,11,27,0,
2021-04-27 07:20,14,8,11,26,0,
2021-04-27 14:30,14,9,11,24,0,
2021-04-27 19:20,14,6,9,24,0,
2021-04-28 02:30,13,5,12,27,0,
2021-04-28 07:20,14,5,13,27,0,
2021-04-28 14:30,18,5,14,23,0,
2021-04-28 19:20,16,8,12,22,0,
2021-04-29 02:30,16,7,12,23,0,
2021-04-29 07:20,17,8,13,24,0,
2021-04-29 14:30,17,8,13,19,0,
2021-04-29 19:20,18,9,15,21,0,
2021-04-30 02:30,18,9,16,21,0,
2021-04-30 07:20,17,8,16,21,0,
2021-04-30 14:30,17,8,14,16,0,
2021-04-30 19:20,15,7,12,17,0,
2021-05-01 02:30,15,7,11,19,0,
2021-05-01 07:20,14,8,11,18,0,
2021-05-01 14:30,14,9,10,18,0,
2021-05-01 19:20,12,8,10,16,0,
2021-05-02 02:30,12,8,11,16,0,
2021-05-02 07:20,12,8,11,16,0,
2021-05-02 14:30,12,8,12,19,0,
2021-05-02 19:20,13,8,11,19,0,
2021-05-03 02:30,12,7,10,20,0,
2021-05-03 07:20,13,7,10,20,0,
2021-05-03 14:30,13,8,10,19,1,
2021-05-03 19:20,14,8,11,20,1,
2021-05-04 02:30,13,10,11,21,1,
2021-05-04 07:20,12,11,11,22,1,
2021-05-04 14:30,10,13,11,22,1,
2021-05-04 19:20,10,11,12,21,1,
2021-05-05 02:30,10,10,14,22,1,
2021-05-05 07:20,10,10,14,22,1,
2021-05-05 14:30,10,10,13,20,1,
2021-05-05 19:20,12,10,11,19,1,
2021-05-06 02:30,11,11,13,19,1,
2021-05-06 07:20,11,10,12,21,1,
2021-05-06 14:30,11,11,12,19,1,
2021-05-06 19:20,11,10,10,15,1,
2021-05-07 02:30,11,10,9,17,1,
2021-05-07 07:20,12,10,10,17,1,
2021-05-07 14:30,13,11,7,15,1,
2021-05-07 19:20,12,9,6,15,1,
2021-05-08 02:30,13,11,8,15,1,
2021-05-08 07:20,13,13,8,15,1,
2021-05-08 14:30,12,13,8,14,1,
2021-05-08 19:20,10,15,7,15,1,
2021-05-09 02:30,9,16,8,14,1,
2021-05-09 07:20,9,17,6,15,1,
2021-05-09 14:30,9,17,7,13,0,
2021-05-09 19:20,9,16,7,13,0,
2021-05-10 02:30,9,15,8,14,0,
2021-05-10 07:20,9,15,8,14,0,
2021-05-10 14:30,9,15,7,11,3,
2021-05-10 19:20,8,16,7,12,3,
2021-05-11 02:30,9,15,5,16,3,
2021-05-11 07:20,8,15,6,16,3,
2021-05-11 14:30,10,15,9,16,3,
2021-05-11 19:20,10,16,9,18,3,
2021-05-12 02:30,9,17,9,22,2,
2021-05-12 07:20,9,15,9,22,3,
2021-05-12 14:30,7,16,9,17,3,
2021-05-12 19:20,9,14,8,14,3,
2021-05-13 02:30,8,14,8,17,3,
2021-05-13 07:20,9,15,8,18,3,
2021-05-13 11:05,9,15,8,19,3,
2021-05-13 14:30,9,16,8,20,3,
2021-05-13 19:20,8,16,8,17,3,
2021-05-14 02:30,7,16,8,18,3,
2021-05-14 07:20,6,16,8,18,3,
2021-05-14 14:30,8,16,9,11,3,
2021-05-14 19:20,9,10,6,14,3,
2021-05-15 02:30,8,11,8,13,3,
2021-05-15 07:20,8,11,8,14,3,
2021-05-15 14:30,8,11,9,14,2,
2021-05-15 19:20,8,11,8,15,2,
2021-05-16 02:30,8,9,8,17,2,
2021-05-16 07:20,8,9,8,17,2,
2021-05-16 14:30,7,10,7,17,2,
2021-05-16 19:20,5,11,8,13,2,
2021-05-17 02:30,5,11,6,15,2,
2021-05-17 07:20,6,12,6,15,2,
2021-05-17 14:30,6,12,6,15,2,
2021-05-17 19:20,6,11,6,16,2,
2021-05-18 02:30,7,11,6,16,2,
2021-05-18 07:20,7,10,5,13,2,
2021-05-18 14:30,7,10,5,13,2,
2021-05-18 19:20,9,9,5,14,2,
2021-05-19 02:30,10,6,5,16,2,
2021-05-19 07:20,9,6,5,15,2,
2021-05-22 14:30,9,8,3,19,2,
2021-05-23 16:36,9,8,2,14,2,
2021-05-23 19:20,9,8,2,13,2,
2021-05-24 02:30,8,8,3,14,2,
2021-05-24 07:20,9,7,3,14,2,
2021-05-24 14:30,10,7,4,11,2,
2021-05-24 19:20,9,7,4,13,2,
2021-05-25 02:30,10,7,7,14,2,
2021-05-25 07:20,10,8,4,15,2,
2021-05-25 14:30,9,9,3,13,2,
2021-05-25 19:20,11,11,3,14,2,
2021-05-26 02:30,11,11,3,15,2,
2021-05-26 07:20,11,10,3,13,2,
2021-05-26 14:30,10,10,3,13,2,
2021-05-26 19:20,12,10,3,13,2,
2021-05-27 02:30,10,11,4,15,2,
2021-05-27 07:20,10,8,2,15,2,
2021-05-27 14:30,10,8,2,12,2,
2021-05-27 19:20,9,6,3,13,2,
2021-05-28 02:30,10,8,4,16,2,
2021-05-28 07:20,10,8,3,17,2,
2021-05-28 14:30,10,8,2,16,2,
2021-05-28 19:20,11,8,3,20,2,
2021-05-29 02:30,11,10,3,20,2,
2021-05-29 07:20,10,10,4,20,2,
2021-05-29 14:30,10,10,4,19,2,
2021-05-29 19:20,8,9,4,20,2,
2021-05-30 02:30,8,7,4,20,2,
2021-05-30 07:20,8,7,4,20,2,
2021-05-30 14:30,8,7,4,20,2,
2021-05-30 19:20,7,7,3,22,2,
2021-05-31 02:30,6,10,3,20,2,
2021-05-31 07:20,7,10,2,20,2,
2021-05-31 14:30,7,10,1,23,2,
2021-05-31 19:20,8,10,3,23,2,
2021-06-01 02:30,8,9,4,23,2,
2021-06-01 07:20,8,11,4,23,2,
2021-06-01 14:30,9,11,5,23,0,
2021-06-01 19:20,9,10,8,23,0,
2021-06-02 02:30,10,12,9,25,0,
2021-06-02 07:20,10,12,8,26,0,
2021-06-02 14:30,11,13,8,25,0,
2021-06-02 19:20,13,13,8,17,0,
2021-06-03 02:30,13,14,4,16,0,
2021-06-03 07:20,14,14,4,15,0,
2021-06-03 14:30,14,15,4,15,0,
2021-06-03 19:20,12,14,4,17,0,
2021-06-04 02:30,9,14,7,17,0,
2021-06-04 07:20,9,13,7,17,0,
2021-06-04 14:30,11,13,9,16,0,
2021-06-04 19:20,11,13,9,14,0,
2021-06-05 02:30,11,13,9,18,0,
2021-06-05 07:20,11,13,8,18,0,
2021-06-05 14:30,12,13,10,18,0,
2021-06-05 19:20,12,13,9,19,0,
2021-06-06 02:30,13,12,10,20,0,
2021-06-06 07:20,13,13,10,20,0,
2021-06-06 14:30,13,13,11,19,0,
2021-06-06 19:20,13,18,12,8,0,
2021-06-07 02:30,15,17,13,12,0,
2021-06-07 07:20,15,17,13,12,0,
2021-06-07 14:30,15,16,13,9,0,
2021-06-07 19:20,18,15,12,9,0,
2021-06-08 02:30,18,16,10,6,1,
2021-06-08 07:20,18,17,10,8,1,
2021-06-08 14:30,18,18,12,8,1,
2021-06-08 19:20,14,16,8,11,1,
2021-06-09 02:30,14,16,5,14,1,
2021-06-09 07:20,12,16,6,16,1,
2021-06-09 14:30,13,17,7,13,1,
2021-06-09 19:20,16,17,6,18,1,
2021-06-10 02:30,16,18,8,17,1,
2021-06-10 07:20,15,14,8,14,1,
2021-06-10 14:30,14,14,9,13,1,
2021-06-10 19:20,15,14,10,14,1,
2021-06-11 02:30,13,15,13,17,1,
2021-06-11 07:20,14,14,15,16,1,
2021-06-11 14:30,13,13,16,13,0,
2021-06-11 19:20,14,12,13,10,0,
2021-06-12 02:30,15,12,11,11,0,
2021-06-12 07:20,14,12,11,11,0,
2021-06-12 14:30,15,14,12,12,0,
2021-06-12 19:20,16,13,14,13,0,
2021-06-13 02:30,12,13,11,12,0,
2021-06-13 07:20,13,12,12,13,0,
2021-06-13 14:30,15,12,13,11,0,
2021-06-13 19:20,15,12,11,11,0,
2021-06-14 02:30,15,12,7,12,0,
2021-06-14 07:20,15,12,8,11,0,
2021-06-14 14:30,15,12,8,12,1,
2021-06-14 19:20,17,13,7,12,1,
2021-06-15 02:30,17,15,7,12,1,
2021-06-15 07:20,16,16,7,13,1,
2021-06-15 14:30,14,17,7,11,1,
2021-06-15 19:20,14,14,9,11,1,
2021-06-16 02:30,12,15,5,16,1,
2021-06-16 07:20,12,15,5,16,1,
2021-06-16 14:30,13,13,7,12,1,
2021-06-16 19:20,13,11,6,13,1,
2021-06-17 02:30,12,12,6,19,1,
2021-06-17 07:20,11,11,7,18,1,
2021-06-17 14:30,12,9,7,13,1,
2021-06-17 19:20,11,10,12,15,1,
2021-06-18 02:30,11,12,11,16,1,
2021-06-18 07:20,10,12,11,14,1,
2021-06-18 14:30,10,12,11,13,1,
2021-06-18 19:20,11,10,11,13,1,
2021-06-19 02:30,11,11,13,16,1,
2021-06-19 07:20,11,10,13,18,1,
2021-06-19 14:30,11,10,7,16,1,
2021-06-19 19:20,11,11,7,13,1,
2021-06-20 02:30,10,12,7,16,1,
2021-06-20 07:20,10,12,7,17,1,
2021-06-20 14:30,9,12,7,18,1,
2021-06-20 19:20,8,10,7,16,1,
2021-06-21 02:30,9,10,8,19,1,
2021-06-21 07:20,9,8,8,21,1,
2021-06-21 14:30,9,8,9,18,1,
2021-06-21 19:20,7,8,7,16,2,
2021-06-22 02:30,8,8,8,16,2,
2021-06-22 07:20,7,6,9,15,2,
2021-06-22 14:30,9,8,7,16,1,
2021-06-22 19:20,7,7,6,15,1,
2021-06-23 02:30,7,6,6,14,1,
2021-06-23 07:20,7,6,6,16,1,
2021-06-23 14:30,8,6,6,14,1,
2021-06-23 19:20,10,6,5,16,1,
2021-06-24 02:30,11,6,6,16,1,
2021-06-24 07:20,11,4,7,18,1,
2021-06-24 14:30,11,4,7,21,1,
2021-06-24 19:20,16,3,8,16,1,
2021-06-25 02:30,15,3,6,17,1,
2021-06-25 07:20,15,3,6,18,1,
2021-06-25 14:30,12,4,6,18,1,
2021-06-25 19:20,13,5,9,19,1,
2021-06-26 02:30,12,7,8,18,1,
2021-06-26 07:20,11,7,9,17,1,
2021-06-26 14:30,11,7,9,17,1,
2021-06-26 19:20,10,7,10,18,1,
2021-06-27 02:30,12,7,8,19,1,
2021-06-27 07:20,12,7,8,19,1,
2021-06-27 14:30,12,6,8,17,1,
2021-06-27 19:20,14,7,4,18,1,
2021-06-28 02:30,14,7,5,16,2,
2021-06-28 07:20,14,7,5,18,2,
2021-06-28 14:30,13,8,5,19,4,
2021-06-28 19:20,13,8,5,19,4,
2021-06-29 02:30,14,7,5,21,4,
2021-06-29 07:20,14,7,5,20,4,
2021-06-29 14:30,15,7,4,21,4,
2021-06-29 19:20,13,5,4,21,4,
2021-06-30 02:30,14,3,8,21,4,
2021-06-30 07:20,14,3,7,20,4,
2021-06-30 14:30,14,4,4,19,3,
2021-06-30 19:20,15,3,4,20,3,
2021-07-01 02:30,13,3,5,22,3,
2021-07-01 07:20,13,3,6,20,3,
2021-07-01 14:30,14,3,6,17,3,
2021-07-01 19:20,15,2,6,15,3,
2021-07-02 02:30,15,4,7,14,3,
2021-07-02 07:20,15,4,7,16,3,
2021-07-02 14:30,15,4,6,21,3,
2021-07-02 19:20,14,6,7,18,2,
2021-07-03 02:30,13,8,8,17,2,
2021-07-03 07:20,13,6,8,17,2,
2021-07-03 14:30,13,7,5,14,2,
2021-07-03 19:20,13,8,5,16,2,
2021-07-04 02:30,12,9,5,17,2,
2021-07-04 07:20,12,6,5,17,1,
2021-07-04 14:30,11,7,5,20,1,
2021-07-04 19:20,11,7,6,20,1,
2021-07-05 02:30,11,7,7,21,1,
2021-07-05 07:20,11,7,8,22,1,
2021-07-05 14:30,11,7,8,22,3,
2021-07-05 19:20,13,6,8,20,3,
2021-07-06 02:30,13,6,8,20,3,
2021-07-06 07:20,12,6,8,21,2,
2021-07-06 14:30,12,7,8,22,2,
2021-07-06 19:20,14,8,7,16,2,
2021-07-07 02:30,15,8,7,15,2,
2021-07-07 07:20,17,8,7,14,2,
2021-07-07 14:30,17,8,8,13,2,
2021-07-07 19:20,16,9,10,15,2,
2021-07-08 02:30,15,10,11,13,2,
2021-07-08 07:20,15,10,11,15,2,
2021-07-08 14:30,15,10,8,15,2,
2021-07-08 19:20,17,11,6,17,2,
2021-07-09 02:30,15,12,8,18,2,
2021-07-09 07:20,14,12,7,21,2,
2021-07-09 14:30,14,12,5,20,2,
2021-07-09 19:20,16,12,2,18,2,
2021-07-10 07:20,16,11,2,18,2,
2021-07-10 14:30,16,11,1,20,2,
2021-07-10 19:20,16,10,1,21,2,
2021-07-11 02:30,16,9,1,21,2,
2021-07-11 07:20,16,10,1,23,2,
2021-07-11 14:30,15,10,1,22,2,
2021-07-11 19:20,13,11,1,23,2,
2021-07-12 02:30,11,11,1,25,2,
2021-07-12 07:20,11,11,1,24,2,
2021-07-12 14:30,11,12,2,24,2,
2021-07-12 19:20,12,9,2,16,2,
2021-07-13 02:30,11,9,2,16,2,
2021-07-13 07:20,12,9,3,18,2,
2021-07-13 14:30,11,10,2,19,2,
2021-07-13 19:20,11,9,1,21,2,
2021-07-14 02:30,13,9,5,19,2,
2021-07-14 07:20,12,10,5,19,2,
2021-07-14 14:30,13,10,3,17,1,
2021-07-14 19:20,12,11,5,14,1,
2021-07-15 02:30,14,10,5,14,1,
2021-07-15 07:20,14,9,5,15,1,
2021-07-15 14:30,14,9,5,14,1,
2021-07-15 19:20,15,9,5,17,1,
2021-07-16 02:30,14,10,4,19,1,
2021-07-16 07:20,15,9,3,20,1,
2021-07-16 14:30,15,8,4,18,1,
2021-07-16 19:20,17,8,4,16,1,
2021-07-17 02:30,16,9,5,18,1,
2021-07-17 07:20,17,9,4,18,1,
2021-07-17 14:30,17,10,3,22,1,
2021-07-17 19:20,16,11,4,22,1,
2021-07-18 02:30,16,10,5,27,1,
2021-07-18 07:20,16,10,4,28,1,
2021-07-18 14:30,17,9,4,27,1,
2021-07-18 19:20,17,9,4,27,1,
2021-07-19 02:30,16,10,4,26,1,
2021-07-19 07:20,16,10,4,25,1,
2021-07-19 14:30,16,9,4,20,1,
2021-07-19 19:20,14,8,4,16,1,
2021-07-20 02:30,15,9,3,20,1,
2021-07-20 07:20,14,8,4,20,1,
2021-07-20 14:30,14,9,4,13,1,
2021-07-20 19:20,14,9,3,12,1,
2021-07-21 02:30,15,7,6,14,1,
2021-07-21 07:20,15,7,6,13,1,
2021-07-21 14:30,15,7,5,10,1,
2021-07-21 19:20,15,6,7,12,1,
2021-07-22 02:30,13,9,7,15,1,
2021-07-22 07:20,12,9,6,17,1,
2021-07-22 14:30,11,9,6,17,1,
2021-07-22 19:20,13,11,6,15,1,
2021-07-23 02:30,14,10,8,16,1,
2021-07-23 07:20,14,11,7,17,1,
2021-07-23 14:30,13,10,8,15,1,
2021-07-23 19:20,13,10,9,9,1,
2021-07-24 02:30,13,11,8,10,1,
2021-07-24 07:20,12,12,8,11,1,
2021-07-24 14:30,12,12,7,12,1,
2021-07-24 19:20,12,12,6,12,1,
2021-07-25 02:30,12,12,7,15,1,
2021-07-25 07:20,12,12,8,14,1,
2021-07-25 14:30,11,12,7,17,1,
2021-07-25 19:20,10,12,8,17,1,
2021-07-26 02:30,11,10,7,18,1,
2021-07-26 07:20,12,10,8,16,1,
2021-07-26 14:30,12,10,9,16,1,
2021-07-26 19:20,13,11,8,13,3,
2021-07-27 02:30,13,8,8,13,3,
2021-07-27 07:20,13,9,9,13,3,
2021-07-27 14:30,14,9,9,15,3,
2021-07-27 19:20,14,9,10,14,3,
2021-07-28 02:30,15,8,8,18,3,
2021-07-28 07:20,15,9,8,17,3,
2021-07-28 14:30,13,9,8,14,3,
2021-07-28 19:20,17,9,8,14,3,
2021-07-29 02:30,16,9,9,15,3,
2021-07-29 07:20,16,9,9,13,3,
2021-07-29 14:30,12,9,10,13,3,
2021-07-29 19:20,13,9,9,19,3,
2021-07-30 02:30,12,9,9,21,3,
2021-07-30 07:20,11,10,9,20,3,
2021-07-30 14:30,13,9,9,21,1,
2021-07-30 19:20,14,7,6,19,1,
2021-07-31 02:30,14,7,5,23,1,
2021-07-31 07:20,15,7,5,23,1,
2021-07-31 14:30,15,6,6,22,1,
2021-07-31 19:20,13,7,7,22,1,
2021-08-01 02:30,13,7,6,22,1,
2021-08-01 07:20,13,8,6,23,1,
2021-08-01 14:30,14,8,5,23,1,
2021-08-01 19:20,14,9,3,22,1,
2021-08-02 02:30,13,9,2,18,0,
2021-08-02 07:20,15,10,2,18,0,
2021-08-02 14:30,15,10,2,19,1,
2021-08-02 19:20,14,14,2,17,1,
2021-08-03 02:30,15,13,2,17,1,
2021-08-03 07:20,14,14,2,16,1,
2021-08-03 14:30,14,14,2,18,1,
2021-08-03 19:20,14,14,3,17,1,
2021-08-04 02:30,15,15,3,18,1,
2021-08-04 07:20,14,13,3,16,1,
2021-08-04 14:30,15,13,2,18,1,
2021-08-04 19:20,16,11,2,24,1,
2021-08-05 02:30,15,12,5,21,1,
2021-08-05 07:20,16,12,5,21,1,
2021-08-05 14:30,18,13,5,18,1,
2021-08-05 19:20,18,14,3,13,1,
2021-08-06 02:30,16,13,3,15,1,
2021-08-06 07:20,14,14,3,13,1,
2021-08-06 14:30,15,13,3,11,1,
2021-08-06 19:20,14,16,3,11,1,
2021-08-07 02:30,13,15,2,12,1,
2021-08-07 07:20,12,15,2,10,1,
2021-08-07 14:30,12,15,4,11,1,
2021-08-07 19:20,12,16,5,12,1,
2021-08-08 02:30,11,13,6,11,0,
2021-08-08 07:20,10,13,4,11,0,
2021-08-08 14:30,10,13,4,11,0,
2021-08-08 19:20,12,12,5,14,0,
2021-08-09 02:30,12,13,5,17,0,
2021-08-09 07:20,11,13,5,18,0,
2021-08-09 14:30,12,13,5,18,0,
2021-08-09 19:20,10,12,5,22,1,
2021-08-10 02:30,10,12,4,23,1,
2021-08-10 07:20,10,10,4,23,1,
2021-08-10 14:30,9,11,5,24,1,
2021-08-10 19:20,11,7,5,20,1,
2021-08-11 02:30,10,7,5,18,1,
2021-08-11 07:20,11,6,3,19,1,
2021-08-11 14:30,12,7,3,19,1,
2021-08-11 19:20,12,8,3,24,1,
2021-08-12 02:30,12,8,6,23,1,
2021-08-12 07:20,12,7,6,25,1,
2021-08-12 14:30,12,7,8,27,1,
2021-08-12 19:20,10,7,7,27,1,
2021-08-13 02:30,11,6,7,22,1,
2021-08-13 07:20,10,6,8,22,1,
2021-08-13 14:30,11,5,9,23,1,
2021-08-13 19:20,10,4,5,18,1,
2021-08-14 02:30,10,3,5,14,1,
2021-08-14 07:20,10,3,5,14,1,
2021-08-14 14:30,9,3,7,15,1,
2021-08-14 19:20,10,3,7,15,1,
2021-08-15 02:30,10,4,8,16,1,
2021-08-15 07:20,10,4,8,16,0,
2021-08-15 14:30,10,4,7,13,0,
2021-08-15 19:20,9,5,7,13,0,
2021-08-16 02:30,9,5,8,17,0,
2021-08-16 07:20,10,5,9,20,0,
2021-08-16 14:30,11,5,7,20,0,
2021-08-16 19:20,10,5,7,20,0,
2021-08-17 02:30,10,5,8,19,0,
2021-08-17 07:20,10,5,8,19,0,
2021-08-17 14:30,9,6,7,17,0,
2021-08-17 19:20,9,7,8,19,0,
2021-08-18 02:30,9,6,9,17,0,
2021-08-18 07:20,6,6,10,20,0,
2021-08-18 14:30,7,6,9,20,0,
2021-08-18 19:20,8,7,8,21,0,
2021-08-19 02:30,8,6,9,21,0,
2021-08-19 07:20,9,6,9,23,0,
2021-08-19 14:30,10,6,7,20,0,
2021-08-19 19:20,9,6,7,20,0,
2021-08-20 02:30,9,8,7,15,0,
2021-08-20 07:20,9,8,10,16,0,
2021-08-20 14:30,14,7,10,17,0,
2021-08-20 19:20,12,7,5,17,0,
2021-08-21 02:30,12,5,7,15,0,
2021-08-21 07:20,11,7,6,16,0,
2021-08-21 14:30,11,7,6,15,0,
2021-08-21 19:20,11,6,6,16,0,
2021-08-22 02:30,10,8,7,15,0,
2021-08-22 07:20,10,8,8,12,0,
2021-08-22 14:30,10,8,8,13,0,
2021-08-22 19:20,8,8,8,12,0,
2021-08-23 02:30,7,8,9,15,0,
2021-08-23 07:20,7,8,11,15,0,
2021-08-23 14:30,7,8,9,16,0,
2021-08-23 19:20,8,5,7,15,1,
2021-08-24 02:30,10,4,7,18,1,
2021-08-24 07:20,10,4,7,18,1,
2021-08-24 14:30,9,6,6,19,1,
2021-08-24 19:20,10,7,5,21,1,
2021-08-25 02:30,11,6,5,20,1,
2021-08-25 07:20,12,6,5,21,1,
2021-08-25 14:30,12,6,8,17,1,
2021-08-25 19:20,14,5,9,19,1,
2021-08-26 02:30,15,6,12,16,1,
2021-08-26 07:20,14,7,11,16,1,
2021-08-26 14:30,14,7,12,16,1,
2021-08-26 19:20,13,6,10,17,1,
2021-08-27 02:30,12,6,10,17,1,
2021-08-27 07:20,11,6,10,20,1,
2021-08-27 14:30,11,6,9,17,1,
2021-08-27 19:20,15,6,5,14,1,
2021-08-28 02:30,13,2,7,11,1,
2021-08-28 07:20,13,2,8,11,1,
2021-08-28 14:30,13,2,7,8,1,
2021-08-28 19:20,12,4,10,7,1,
2021-08-29 02:30,12,4,9,7,1,
2021-08-29 07:20,13,4,10,7,1,
2021-08-29 14:30,14,4,7,7,1,
2021-08-29 19:20,13,4,7,8,1,
2021-08-30 02:30,13,4,7,7,1,
2021-08-30 07:20,12,4,8,9,1,
2021-08-30 14:30,13,4,10,8,1,
2021-08-30 19:20,15,5,10,8,1,
2021-08-31 02:30,17,4,9,9,1,
2021-08-31 07:20,17,3,9,11,1,
2021-08-31 14:30,16,3,9,10,1,
2021-08-31 19:20,15,4,7,13,1,
2021-09-01 02:30,14,6,9,13,1,
2021-09-01 07:20,15,5,8,12,1,
2021-09-01 14:30,15,5,8,14,1,
2021-09-01 19:20,17,7,4,15,1,
2021-09-02 02:30,16,6,6,13,1,
2021-09-02 07:20,16,7,6,13,1,
2021-09-02 14:30,16,7,5,14,1,
2021-09-02 19:20,17,7,6,16,1,
2021-09-03 02:30,18,9,7,16,1,
2021-09-03 07:20,16,9,7,17,1,
2021-09-03 14:30,15,9,7,13,1,
2021-09-03 19:20,16,9,8,12,1,
2021-09-04 02:30,15,9,7,13,1,
2021-09-04 07:20,15,9,9,14,1,
2021-09-04 14:30,15,9,9,18,1,
2021-09-04 19:20,15,11,7,22,1,
2021-09-05 02:30,16,9,9,20,1,
2021-09-05 07:20,15,9,9,21,1,
2021-09-05 14:30,15,9,8,17,1,
2021-09-05 19:20,14,11,9,15,1,
2021-09-06 02:30,14,11,11,16,1,
2021-09-06 07:20,14,11,12,18,1,
2021-09-06 14:30,14,11,11,18,1,
2021-09-06 19:20,12,11,10,17,1,
2021-09-07 02:30,13,12,12,15,1,
2021-09-07 07:20,13,12,12,17,1,
2021-09-07 14:30,13,13,12,22,1,
2021-09-07 19:20,15,9,9,21,1,
2021-09-08 02:30,16,9,10,21,1,
2021-09-08 07:20,16,10,11,23,1,
2021-09-08 14:30,17,10,11,22,1,
2021-09-08 19:20,15,11,11,21,1,
2021-09-09 02:30,15,10,12,21,1,
2021-09-09 07:20,15,10,12,23,1,
2021-09-09 14:30,15,10,12,18,1,
2021-09-09 19:20,15,9,12,20,1,
2021-09-10 02:30,16,8,15,18,1,
2021-09-10 07:20,16,8,16,18,1,
2021-09-10 14:30,16,8,15,15,1,
2021-09-10 19:20,17,7,9,12,1,
2021-09-11 02:30,19,8,9,12,1,
2021-09-11 07:20,19,7,10,14,1,
2021-09-11 14:30,19,7,11,15,1,
2021-09-11 19:20,18,8,13,14,0,
2021-09-12 02:30,15,9,12,17,0,
2021-09-12 07:20,15,9,13,17,0,
2021-09-12 14:30,15,11,12,16,0,
2021-09-12 19:20,15,12,12,16,0,
2021-09-13 02:30,16,12,12,16,0,
2021-09-13 07:20,17,12,12,16,0,
2021-09-13 14:30,17,12,11,19,0,
2021-09-13 19:20,19,11,10,19,0,
2021-09-14 02:30,20,10,7,17,0,
2021-09-14 07:20,18,12,8,17,0,
2021-09-14 14:30,17,11,7,13,0,
2021-09-14 19:20,16,13,9,15,0,
2021-09-15 02:30,16,13,10,16,0,
2021-09-15 07:20,17,14,8,16,0,
2021-09-15 14:30,18,14,5,12,0,
2021-09-15 19:20,18,13,6,13,1,
2021-09-16 02:30,17,11,7,14,1,
2021-09-16 07:20,17,11,7,14,1,
2021-09-16 14:30,17,10,8,9,1,
2021-09-16 19:20,15,7,8,9,1,
2021-09-17 02:30,16,7,9,8,1,
2021-09-17 07:20,16,6,9,8,1,
2021-09-17 14:30,16,8,9,13,1,
2021-09-17 19:20,13,7,5,8,1,
2021-09-18 02:30,12,7,5,9,1,
2021-09-18 07:20,12,7,5,11,1,
2021-09-18 14:30,12,7,5,13,1,
2021-09-18 19:20,9,7,6,16,1,
2021-09-19 02:30,9,7,8,20,1,
2021-09-19 07:20,10,7,8,20,1,
2021-09-19 14:30,12,8,10,21,1,
2021-09-19 19:20,14,7,7,21,1,
2021-09-20 02:30,14,8,8,18,1,
2021-09-20 07:20,14,8,8,19,1,
2021-09-20 14:30,13,8,9,18,1,
2021-09-20 19:20,13,9,10,14,1,
2021-09-21 02:30,13,9,10,15,1,
2021-09-21 07:20,11,10,10,15,1,
2021-09-21 14:30,14,10,10,14,1,
2021-09-21 19:20,16,10,11,14,1,
2021-09-22 02:30,16,9,9,15,1,
2021-09-22 07:20,17,9,9,16,1,
2021-09-22 14:30,18,9,9,13,1,
2021-09-22 19:20,14,9,11,12,1,
2021-09-23 02:30,13,8,10,14,1,
2021-09-23 07:20,13,8,11,15,1,
2021-09-23 14:30,15,7,12,13,1,
2021-09-23 19:20,15,7,12,12,1,
2021-09-24 02:30,14,7,15,15,1,
2021-09-24 07:20,14,6,15,14,1,
2021-09-24 14:30,12,6,15,14,1,
2021-09-24 19:20,13,6,14,11,1,
2021-09-25 02:30,11,6,14,14,1,
2021-09-25 07:20,12,6,14,13,1,
2021-09-25 14:30,13,6,14,13,1,
2021-09-25 19:20,13,8,13,13,1,
2021-09-26 02:30,15,9,14,19,1,
2021-09-26 07:20,13,10,14,21,1,
2021-09-26 14:30,12,10,13,19,1,
2021-09-26 19:20,14,11,10,19,1,
2021-09-27 02:30,14,12,12,19,1,
2021-09-27 07:20,15,13,12,18,1,
2021-09-27 14:30,15,15,12,21,1,
2021-09-27 19:20,16,15,11,13,1,
2021-09-28 02:30,14,17,11,21,1,
2021-09-28 07:20,14,17,11,22,1,
2021-09-28 14:30,15,15,13,20,1,
2021-09-28 19:20,17,14,11,13,1,
2021-09-29 02:30,16,15,13,15,1,
2021-09-29 07:20,16,16,13,15,1,
2021-09-29 14:30,16,14,15,15,1,
2021-09-29 19:20,18,15,14,13,1,
2021-09-30 02:30,16,16,9,14,1,
2021-09-30 07:20,16,15,9,15,1,
2021-09-30 14:30,15,14,9,14,1,
2021-09-30 19:20,15,11,10,13,1,
2021-10-01 02:30,15,11,9,18,1,
2021-10-01 07:20,13,11,9,17,1,
2021-10-01 14:30,12,10,9,13,1,
2021-10-01 19:20,11,11,11,10,1,
2021-10-02 02:30,11,9,10,12,1,
2021-10-02 07:20,12,9,10,12,1,
2021-10-02 14:30,12,9,9,10,1,
2021-10-02 19:20,12,10,5,10,1,
2021-10-03 02:30,11,10,5,12,1,
2021-10-03 07:20,12,11,7,17,1,
2021-10-03 14:30,12,11,7,13,1,
2021-10-03 19:20,12,11,6,13,1,
2021-10-04 02:30,12,11,7,15,1,
2021-10-04 07:20,11,9,7,16,1,
2021-10-04 14:30,13,9,7,14,1,
2021-10-04 19:20,14,8,5,11,2,
2021-10-05 02:30,15,11,7,12,2,
2021-10-05 07:20,17,11,7,12,2,
2021-10-05 14:30,17,11,8,15,2,
2021-10-05 19:20,16,11,10,15,2,
2021-10-06 02:30,16,11,12,17,2,
2021-10-06 07:20,14,11,12,18,2,
2021-10-06 14:30,15,10,11,18,2,
2021-10-06 19:20,15,10,13,16,2,
2021-10-07 02:30,16,10,14,13,2,
2021-10-07 07:20,16,7,14,15,2,
2021-10-07 14:30,15,8,12,11,2,
2021-10-07 19:20,18,9,6,12,2,
2021-10-08 02:30,15,8,7,12,2,
2021-10-08 07:20,15,8,7,19,2,
2021-10-08 14:30,14,10,7,15,2,
2021-10-08 19:20,15,11,4,15,2,
2021-10-09 02:30,18,11,6,16,2,
2021-10-09 07:20,18,11,6,16,2,
2021-10-09 14:30,18,7,8,16,2,
2021-10-09 19:20,16,7,8,15,2,
2021-10-10 02:30,15,8,12,19,2,
2021-10-10 07:20,15,8,12,20,2,
2021-10-10 14:30,16,8,11,22,2,
2021-10-10 19:20,16,8,7,19,2,
2021-10-11 02:30,16,9,7,15,2,
2021-10-11 07:20,16,8,8,15,2,
2021-10-11 14:30,17,10,6,16,2,
2021-10-11 19:20,17,9,6,16,5,
2021-10-12 02:30,16,9,6,18,5,
2021-10-12 07:20,15,10,7,20,5,
2021-10-12 14:30,15,10,4,20,5,
2021-10-12 19:20,16,10,4,19,5,
2021-10-13 02:30,16,11,4,22,5,
2021-10-13 07:20,16,8,4,23,5,
2021-10-13 14:30,16,8,4,16,4,
2021-10-13 19:20,17,8,4,12,4,
2021-10-14 02:30,15,9,4,12,4,
2021-10-14 07:20,15,8,3,13,4,
2021-10-14 14:30,15,8,1,14,4,
2021-10-14 19:20,14,9,3,13,4,
2021-10-15 02:30,13,7,4,14,4,
2021-10-15 07:20,15,7,3,16,4,
2021-10-15 14:30,15,8,3,12,4,
2021-10-15 19:20,16,7,1,10,4,
2021-10-16 02:30,14,7,4,11,4,
2021-10-16 07:20,14,7,4,13,2,
2021-10-16 14:30,14,7,3,12,2,
2021-10-16 19:20,12,7,5,10,2,
2021-10-17 02:30,12,7,4,9,2,
2021-10-17 07:20,13,7,4,8,2,
2021-10-17 14:30,13,7,3,6,2,
2021-10-17 19:20,14,5,4,7,2,
2021-10-18 02:30,14,5,5,9,2,
2021-10-18 07:20,15,5,6,10,2,
2021-10-18 14:30,14,6,7,9,2,
2021-10-18 19:20,15,6,6,12,2,
2021-10-19 02:30,17,6,7,16,2,
2021-10-19 07:20,16,6,7,15,2,
2021-10-19 14:30,16,5,6,13,2,
2021-10-19 19:20,17,5,7,12,4,
2021-10-20 02:30,17,6,7,17,3,
2021-10-20 07:20,17,7,8,17,3,
2021-10-20 14:30,19,6,9,12,3,
2021-10-20 19:20,22,6,7,12,3,
2021-10-21 02:30,21,7,8,13,3,
2021-10-21 07:20,20,7,8,13,3,
2021-10-21 14:30,18,7,9,15,3,
2021-10-21 19:20,19,7,9,15,1,
2021-10-22 02:30,19,8,9,14,1,
2021-10-22 07:20,18,6,9,13,1,
2021-10-22 14:30,16,6,9,10,1,
2021-10-22 19:20,16,6,6,9,1,
2021-10-23 02:30,16,6,5,7,1,
2021-10-23 07:20,15,6,5,8,1,
2021-10-23 14:30,16,6,7,7,1,
2021-10-23 19:20,16,6,7,9,1,
2021-10-24 02:30,16,6,7,12,1,
2021-10-24 07:20,16,6,7,11,1,
2021-10-24 14:30,16,5,6,11,1,
2021-10-24 19:20,17,6,6,13,1,
2021-10-25 02:30,17,6,7,14,1,
2021-10-25 07:20,17,6,7,15,1,
2021-10-25 14:30,17,6,7,11,1,
2021-10-25 19:20,18,6,5,12,1,
2021-10-26 02:30,16,8,8,11,1,
2021-10-26 07:20,15,7,8,11,1,
2021-10-26 14:30,15,7,8,11,0,
2021-10-26 19:20,15,8,6,12,0,
2021-10-27 02:30,15,8,6,14,0,
2021-10-27 07:20,15,7,6,15,0,
2021-10-27 14:30,15,7,6,9,0,
2021-10-27 19:20,16,6,7,8,0,
2021-10-28 02:30,16,7,5,9,0,
2021-10-28 07:20,16,7,5,10,0,
2021-10-28 14:30,18,6,5,8,0,
2021-10-28 19:20,17,5,5,8,0,
2021-10-29 02:30,19,6,6,10,0,
2021-10-29 07:20,18,6,7,11,0,
2021-10-29 14:30,18,6,7,9,0,
2021-10-29 19:20,15,8,8,8,0,
2021-10-30 02:30,17,7,11,10,0,
2021-10-30 07:20,14,7,11,10,0,
2021-10-30 14:30,14,6,11,10,0,
2021-10-30 19:20,14,6,10,10,0,
2021-10-31 02:30,12,8,10,10,0,
2021-10-31 07:20,13,7,12,10,0,
2021-10-31 14:30,13,9,12,16,0,
2021-10-31 19:20,14,9,11,18,0,
2021-11-01 02:30,12,9,12,19,0,
2021-11-01 07:20,12,10,12,18,0,
2021-11-01 14:30,12,10,13,13,0,
2021-11-01 19:20,13,7,13,14,0,
2021-11-02 02:30,14,7,14,17,0,
2021-11-02 07:20,15,7,14,18,0,
2021-11-02 14:30,15,7,13,20,0,
2021-11-02 19:20,15,6,12,18,0,
2021-11-03 02:30,14,4,14,18,0,
2021-11-03 07:20,14,4,14,21,0,
2021-11-03 14:30,13,5,13,16,0,
2021-11-03 19:20,15,6,13,20,0,
2021-11-04 02:30,14,6,13,20,0,
2021-11-04 07:20,13,6,11,20,0,
2021-11-04 14:30,11,5,8,17,0,
2021-11-04 19:20,13,4,6,16,0,
2021-11-05 02:30,11,4,6,17,0,
2021-11-05 07:20,11,4,6,16,0,
2021-11-05 14:30,9,5,8,14,0,
2021-11-05 19:20,9,4,5,12,0,
2021-11-06 02:30,10,6,6,16,0,
2021-11-06 07:20,10,6,6,15,0,
2021-11-06 14:30,9,6,4,13,0,
2021-11-06 19:20,9,7,5,13,0,
2021-11-07 02:30,8,8,6,17,0,
2021-11-07 07:20,8,8,7,16,0,
2021-11-07 14:30,8,9,5,13,0,
2021-11-07 19:20,9,8,6,17,0,
2021-11-08 02:30,9,8,6,19,0,
2021-11-08 07:20,7,8,6,19,0,
2021-11-08 14:30,8,7,8,17,0,
2021-11-08 19:20,9,8,6,17,2,
2021-11-09 02:30,9,8,6,17,2,
2021-11-09 07:20,9,8,8,19,2,
2021-11-09 14:30,11,9,5,13,2,
2021-11-09 19:20,10,9,4,12,2,
2021-11-10 02:30,13,9,4,13,2,
2021-11-10 07:20,13,10,4,13,2,
2021-11-10 14:30,12,10,4,19,2,
2021-11-10 19:20,13,10,3,17,2,
2021-11-11 02:30,14,8,4,18,2,
2021-11-11 07:20,12,9,5,19,2,
2021-11-11 14:30,10,10,5,21,2,
2021-11-11 19:20,11,8,4,17,2,
2021-11-12 02:30,10,10,4,18,2,
2021-11-12 07:20,11,9,4,17,2,
2021-11-12 14:30,12,9,4,16,2,
2021-11-12 19:20,12,8,7,14,2,
2021-11-13 02:30,10,9,11,15,2,
2021-11-13 07:20,10,9,10,16,2,
2021-11-13 14:30,11,8,7,17,2,
2021-11-13 19:20,11,7,2,18,2,
2021-11-14 02:30,12,7,2,18,2,
2021-11-14 07:20,12,7,3,20,2,
2021-11-14 14:30,10,8,1,16,2,
2021-11-14 19:20,10,8,1,15,2,
2021-11-15 02:30,9,8,5,18,2,
2021-11-15 07:20,9,8,4,18,2,
2021-11-15 14:30,9,7,4,21,2,
2021-11-15 19:20,9,7,4,22,1,
2021-11-16 02:30,9,9,4,23,1,
2021-11-16 07:20,9,8,4,22,1,
2021-11-16 14:30,10,7,4,22,1,
2021-11-16 19:20,11,6,5,20,1,
2021-11-17 02:30,12,6,5,19,1,
2021-11-17 07:20,12,6,5,20,1,
2021-11-17 14:30,12,7,5,20,1,
2021-11-17 19:20,13,5,5,24,1,
2021-11-18 02:30,13,5,3,22,1,
2021-11-18 07:20,13,5,3,21,1,
2021-11-18 14:30,14,5,3,20,1,
2021-11-18 19:20,13,6,3,20,1,
2021-11-19 02:30,14,6,5,21,1,
2021-11-19 07:20,13,6,5,22,1,
2021-11-19 14:30,13,6,5,19,1,
2021-11-19 19:20,14,7,7,14,1,
2021-11-20 02:30,13,7,7,15,1,
2021-11-20 07:20,13,6,7,15,1,
2021-11-20 14:30,13,6,7,15,1,
2021-11-20 19:20,12,6,7,14,1,
2021-11-21 02:30,14,6,7,18,1,
2021-11-21 07:20,14,5,5,17,1,
2021-11-21 14:30,14,5,6,16,0,
2021-11-21 19:20,15,4,6,16,0,
2021-11-22 02:30,16,4,6,21,0,
2021-11-22 07:20,17,4,6,20,0,
2021-11-22 14:30,16,5,9,17,0,
2021-11-22 19:20,17,5,9,16,0,
2021-11-23 02:30,17,5,11,17,0,
2021-11-23 07:20,17,6,10,19,0,
2021-11-23 14:30,18,6,12,21,0,
2021-11-23 19:20,19,7,8,17,0,
2021-11-24 02:30,18,9,8,18,0,
2021-11-24 07:20,22,9,8,19,0,
2021-11-24 14:30,23,8,8,15,0,
2021-11-24 19:20,19,7,7,11,0,
2021-11-25 02:30,17,9,7,13,0,
2021-11-25 07:20,16,10,10,15,0,
2021-11-25 14:30,16,10,8,16,0,
2021-11-25 19:20,15,10,8,16,0,
2021-11-26 02:30,17,10,10,17,0,
2021-11-26 07:20,16,11,10,16,0,
2021-11-26 14:30,16,11,11,11,0,
2021-11-26 19:20,15,12,9,13,0,
2021-11-27 02:30,13,14,10,13,0,
2021-11-27 07:20,12,15,11,13,0,
2021-11-27 14:30,12,15,11,13,0,
2021-11-27 19:20,13,13,9,14,0,
2021-11-28 02:30,14,12,9,16,0,
2021-11-28 07:20,14,13,10,21,0,
2021-11-28 14:30,16,12,9,20,0,
2021-11-28 19:20,15,14,9,17,0,
2021-11-29 02:30,15,14,9,17,0,
2021-11-29 07:20,16,14,9,17,0,
2021-11-29 14:30,16,14,9,12,0,
2021-11-29 19:20,16,13,7,12,0,
2021-11-30 02:30,17,14,8,13,0,
2021-11-30 07:20,15,14,8,14,0,
2021-11-30 14:30,14,14,7,16,0,
2021-11-30 19:20,15,14,7,18,0,
2021-12-01 02:30,15,14,7,19,0,
2021-12-01 07:20,16,13,7,19,0,
2021-12-01 14:30,16,14,10,19,0,
2021-12-01 19:20,19,12,10,20,0,
2021-12-02 02:30,22,13,10,23,0,
2021-12-02 07:20,22,13,10,22,0,
2021-12-02 14:30,19,13,8,21,0,
2021-12-02 19:20,16,14,10,16,0,
2021-12-03 02:30,13,15,10,20,0,
2021-12-03 07:20,14,15,10,21,0,
2021-12-03 14:30,14,15,10,23,0,
2021-12-03 19:20,11,11,7,18,0,
2021-12-04 02:30,11,11,7,19,0,
2021-12-04 07:20,11,11,7,19,0,
2021-12-04 14:30,12,11,7,19,0,
2021-12-04 19:20,11,12,7,19,0,
2021-12-05 02:30,10,10,9,25,0,
2021-12-05 07:20,10,11,9,25,0,
2021-12-05 14:30,11,11,10,28,0,
2021-12-05 19:20,10,11,10,26,0,
2021-12-06 02:30,9,10,13,25,0,
2021-12-06 07:20,9,10,13,26,0,
2021-12-06 14:30,9,11,13,23,0,
2021-12-06 19:20,11,12,11,23,1,
2021-12-07 02:30,11,11,13,25,1,
2021-12-07 07:20,11,11,13,25,1,
2021-12-07 14:30,12,11,14,23,1,
2021-12-07 19:20,13,9,12,20,1,
2021-12-08 02:30,11,10,12,20,1,
2021-12-08 07:20,12,9,12,22,1,
2021-12-08 14:30,11,10,7,24,1,
2021-12-08 19:20,11,8,7,22,1,
2021-12-09 02:30,10,6,8,22,1,
2021-12-09 07:20,8,6,9,22,1,
2021-12-09 14:30,9,5,7,21,1,
2021-12-09 19:20,7,6,8,21,1,
2021-12-10 02:30,7,8,9,21,1,
2021-12-10 07:20,6,8,10,21,1,
2021-12-10 14:30,6,8,10,19,1,
2021-12-10 19:20,9,8,11,15,1,
2021-12-11 02:30,9,7,9,17,1,
2021-12-11 07:20,9,7,9,17,1,
2021-12-11 14:30,10,7,8,19,1,
2021-12-11 19:20,10,6,9,20,1,
2021-12-12 02:30,11,6,12,21,1,
2021-12-12 07:20,11,6,12,23,1,
2021-12-12 14:30,11,6,10,22,1,
2021-12-12 19:20,12,8,9,20,0,
2021-12-13 02:30,10,7,9,21,0,
2021-12-13 07:20,10,7,9,21,0,
2021-12-13 14:30,10,7,9,18,0,
2021-12-13 19:20,12,9,8,15,1,
2021-12-14 02:30,12,11,8,14,1,
2021-12-14 07:20,10,11,8,16,1,
2021-12-14 14:30,10,13,8,16,1,
2021-12-14 19:20,11,12,7,15,1,
2021-12-15 02:30,11,12,7,18,1,
2021-12-15 07:20,11,12,8,21,1,
2021-12-15 14:30,11,12,6,18,1,
2021-12-15 19:20,10,11,8,15,1,
2021-12-16 02:30,9,11,7,16,1,
2021-12-16 07:20,7,10,7,20,1,
2021-12-16 14:30,7,10,7,19,1,
2021-12-16 19:20,9,8,11,19,1,
2021-12-17 02:30,10,9,10,20,1,
2021-12-17 07:20,10,9,9,21,1,
2021-12-17 14:30,9,10,9,21,1,
2021-12-17 19:20,10,10,9,17,1,
2021-12-18 02:30,9,9,7,12,1,
2021-12-18 07:20,9,9,8,14,1,
2021-12-18 14:30,9,8,8,15,1,
2021-12-18 19:20,9,8,9,16,1,
2021-12-19 02:30,8,8,11,21,1,
2021-12-19 07:20,8,8,12,21,1,
2021-12-19 14:30,9,8,12,22,1,
2021-12-19 19:20,10,8,8,20,1,
2021-12-20 02:30,10,8,8,19,1,
2021-12-20 07:20,10,8,7,20,1,
2021-12-20 14:30,11,9,8,20,1,
2021-12-20 19:20,11,10,9,18,1,
2021-12-21 02:30,11,10,10,19,1,
2021-12-21 07:20,11,10,11,19,1,
2021-12-21 14:30,11,10,10,20,1,
2021-12-21 19:20,11,8,9,21,1,
2021-12-22 02:30,12,8,8,22,1,
2021-12-22 07:20,11,9,8,24,1,
2021-12-22 14:30,11,9,8,22,1,
2021-12-22 19:20,10,7,11,23,1,
2021-12-23 02:30,8,8,11,22,1,
2021-12-23 07:20,8,8,11,22,1,
2021-12-23 14:30,8,6,6,23,1,
2021-12-23 19:20,8,7,6,24,1,
2021-12-24 02:30,8,7,6,19,1,
2021-12-24 07:20,8,7,6,19,1,
2021-12-24 14:30,8,8,6,19,1,
2021-12-24 19:20,8,9,7,23,1,
2021-12-25 02:30,6,9,7,25,1,
2021-12-25 07:20,6,8,8,25,1,
2021-12-25 14:30,6,8,9,24,1,
2021-12-25 19:20,6,6,10,26,1,
2021-12-26 02:30,7,6,10,27,1,
2021-12-26 07:20,7,7,9,27,1,
2021-12-26 14:30,7,6,10,29,1,
2021-12-26 19:20,10,6,5,23,1,
2021-12-27 02:30,8,7,6,23,1,
2021-12-27 07:20,7,7,6,24,1,
2021-12-27 14:30,7,7,6,23,1,
2021-12-27 19:20,12,7,8,21,1,
2021-12-28 02:30,14,7,6,22,1,
2021-12-28 07:20,14,7,6,20,1,
2021-12-28 14:30,16,7,5,21,1,
2021-12-28 19:20,17,8,5,25,1,
2021-12-29 02:30,15,9,6,27,1,
2021-12-29 07:20,15,9,6,26,1,
2021-12-29 14:30,14,10,7,29,1,
2021-12-29 19:20,15,8,7,26,1,
2021-12-30 02:30,11,10,8,28,1,
2021-12-30 07:20,10,10,8,27,1,
2021-12-30 14:30,10,10,7,24,1,
2021-12-30 19:20,11,11,8,15,1,
2021-12-31 02:30,14,9,6,19,1,
2021-12-31 07:20,12,10,6,19,1,
2021-12-31 14:30,11,10,7,21,1,
2021-12-31 19:20,12,9,7,21,1,
2022-01-01 02:30,12,9,7,23,1,
2022-01-01 07:20,12,9,7,23,1,
2022-01-01 14:30,12,8,8,22,1,
2022-01-01 19:20,12,7,7,20,1,
2022-01-02 02:30,11,7,8,22,1,
2022-01-02 07:20,12,7,7,23,1,
2022-01-02 14:30,12,7,8,26,1,
2022-01-02 19:20,13,7,7,23,1,
2022-01-03 02:30,13,7,11,23,1,
2022-01-03 07:20,13,8,11,23,1,
2022-01-03 14:30,13,8,11,23,1,
2022-01-03 19:20,14,8,14,21,1,
2022-01-04 02:30,14,9,11,22,1,
2022-01-04 07:20,14,10,13,26,1,
2022-01-04 14:30,14,10,15,27,1,
2022-01-04 19:20,13,11,16,15,1,
2022-01-05 02:30,12,11,14,15,1,
2022-01-05 07:20,11,11,14,17,1,
2022-01-05 14:30,10,9,16,18,1,
2022-01-05 19:20,9,10,17,18,1,
2022-01-06 02:30,8,11,19,16,1,
2022-01-06 07:20,7,10,19,16,1,
2022-01-06 14:30,7,7,19,15,1,
2022-01-06 19:20,7,7,19,16,1,
2022-01-07 14:30,9,5,15,12,1,
2022-01-07 19:20,10,5,15,14,1,
2022-01-08 02:30,9,5,11,13,1,
2022-01-08 07:20,10,5,12,13,1,
2022-01-08 14:30,10,6,10,13,1,
2022-01-08 19:20,8,6,10,11,1,
2022-01-09 02:30,9,7,10,16,1,
2022-01-09 07:20,8,7,11,17,1,
2022-01-09 14:30,7,7,10,16,1,
2022-01-09 19:20,8,7,12,15,1,
2022-01-10 02:30,10,9,12,15,1,
2022-01-10 07:20,11,9,11,15,1,
2022-01-10 14:30,12,8,7,8,1,
2022-01-10 19:20,12,7,9,11,1,
2022-01-11 02:30,12,5,9,13,1,
2022-01-11 07:20,12,6,10,12,1,
2022-01-11 14:30,10,7,9,16,1,
2022-01-11 19:20,9,8,13,12,1,
2022-01-12 02:30,9,8,14,13,1,
2022-01-12 07:20,9,8,14,13,1,
2022-01-12 14:30,9,8,12,14,1,
2022-01-12 19:20,11,6,9,14,1,
2022-01-13 02:30,11,7,10,15,1,
2022-01-13 07:20,11,7,10,13,1,
2022-01-13 14:30,12,9,8,13,1,
2022-01-13 19:20,11,9,8,11,1,
2022-01-14 02:30,11,9,9,12,1,
2022-01-14 07:20,12,6,8,13,1,
2022-01-14 14:30,12,6,6,14,1,
2022-01-14 19:20,10,5,6,14,1,
2022-01-15 02:30,11,4,6,17,1,
2022-01-15 07:20,11,3,6,16,1,
2022-01-15 14:30,12,3,6,19,1,
2022-01-15 19:20,13,3,5,22,1,
2022-01-16 02:30,14,3,5,22,1,
2022-01-16 07:20,14,3,6,22,1,
2022-01-16 14:30,14,4,7,20,1,
2022-01-16 19:20,14,4,7,18,1,
2022-01-17 02:30,15,7,6,19,1,
2022-01-17 07:20,14,7,7,20,1,
2022-01-17 14:30,14,7,8,20,1,
2022-01-17 19:20,14,7,8,14,1,
2022-01-18 02:30,16,7,10,19,2,
2022-01-18 07:20,14,8,10,23,2,
2022-01-18 14:30,14,8,11,20,2,
2022-01-18 19:20,15,8,7,16,2,
2022-01-19 02:30,15,8,7,18,2,
2022-01-19 07:20,15,8,6,19,2,
2022-01-19 14:30,15,9,6,17,2,
2022-01-19 19:20,15,8,7,16,2,
2022-01-20 02:30,15,10,6,16,2,
2022-01-20 07:20,16,10,6,16,2,
2022-01-20 14:30,16,10,7,11,2,
2022-01-20 19:20,16,10,8,15,2,
2022-01-21 02:30,13,11,6,15,2,
2022-01-21 07:20,13,11,6,16,2,
2022-01-21 14:30,14,10,7,13,2,
2022-01-21 19:20,15,8,4,13,2,
2022-01-22 02:30,14,8,4,14,2,
2022-01-22 07:20,13,9,4,14,2,
2022-01-22 14:30,13,10,3,14,2,
2022-01-22 19:20,11,9,2,12,2,
2022-01-23 02:30,10,9,3,16,2,
2022-01-23 07:20,10,9,3,16,2,
2022-01-23 14:30,10,9,3,14,2,
2022-01-23 19:20,10,9,4,14,2,
2022-01-24 02:30,10,9,4,14,2,
2022-01-24 07:20,10,9,4,17,2,
2022-01-24 14:30,10,10,5,14,2,
2022-01-24 19:20,10,10,3,17,2,
2022-01-25 02:30,11,10,4,19,2,
2022-01-25 07:20,13,8,5,19,2,
2022-01-25 14:30,12,6,4,20,2,
2022-01-25 19:20,14,3,6,18,2,
2022-01-26 02:30,14,3,6,18,2,
2022-01-26 07:20,14,3,7,21,2,
2022-01-26 14:30,15,4,4,22,2,
2022-01-26 19:20,14,4,4,20,2,
2022-01-27 02:30,14,4,6,22,2,
2022-01-27 07:20,14,4,6,23,2,
2022-01-27 14:30,14,4,8,20,2,
2022-01-27 19:20,14,4,8,20,2,
2022-01-28 02:30,13,3,9,21,2,
2022-01-28 07:20,13,2,12,21,2,
2022-01-28 14:30,13,3,10,17,0,
2022-01-28 19:20,12,6,7,15,0,
2022-01-29 02:30,13,6,8,17,0,
2022-01-29 07:20,13,7,9,19,0,
2022-01-29 14:30,13,7,7,21,0,
2022-01-29 19:20,13,7,7,19,0,
2022-01-30 02:30,11,7,7,18,0,
2022-01-30 07:20,11,7,7,19,0,
2022-01-30 14:30,11,7,7,19,0,
2022-01-30 19:20,11,7,6,17,0,
2022-01-31 02:30,12,7,6,18,0,
2022-01-31 07:20,12,7,6,19,0,
2022-01-31 14:30,11,7,7,19,0,
2022-01-31 19:20,13,7,5,21,0,
2022-02-01 02:30,13,7,5,21,0,
2022-02-01 07:20,12,7,8,22,0,
2022-02-01 14:30,14,6,8,22,0,
2022-02-01 19:20,16,6,7,24,0,
2022-02-02 02:30,13,7,8,25,0,
2022-02-02 07:20,14,7,8,26,0,
2022-02-02 14:30,14,7,5,25,0,
2022-02-02 19:20,15,7,5,28,0,
2022-02-03 02:30,13,5,5,27,0,
2022-02-03 07:20,13,6,6,30,0,
2022-02-03 14:30,13,7,5,25,0,
2022-02-03 19:20,12,7,7,23,0,
2022-02-04 02:30,13,7,7,23,0,
2022-02-04 07:20,13,7,7,27,0,
2022-02-04 14:30,14,8,7,23,0,
2022-02-04 19:20,13,9,6,20,0,
2022-02-05 02:30,14,11,6,20,0,
2022-02-05 07:20,14,11,7,21,0,
2022-02-05 14:30,14,11,6,20,0,
2022-02-05 19:20,14,10,6,17,0,
2022-02-06 02:30,14,11,6,19,0,
2022-02-06 07:20,14,11,6,19,0,
2022-02-06 14:30,14,10,8,16,0,
2022-02-06 19:20,14,10,6,17,0,
2022-02-07 02:30,14,8,6,17,0,
2022-02-07 07:20,14,8,6,18,0,
2022-02-07 14:30,14,9,6,24,0,
2022-02-07 19:20,14,10,6,27,1,
2022-02-08 02:30,15,9,8,26,1,
2022-02-08 07:20,15,9,7,26,1,
2022-02-08 14:30,20,8,7,25,1,
2022-02-08 19:20,20,9,7,19,1,
2022-02-09 02:30,20,10,7,20,1,
2022-02-09 07:20,19,10,7,23,1,
2022-02-09 14:30,19,10,6,23,0,
2022-02-09 19:20,18,12,8,23,0,
2022-02-10 02:30,18,12,10,25,0,
2022-02-10 07:20,18,12,10,26,0,
2022-02-10 14:30,17,12,10,24,0,
2022-02-10 19:20,18,13,11,24,0,
2022-02-11 02:30,18,12,11,23,0,
2022-02-11 07:20,20,12,11,24,0,
2022-02-11 14:30,18,13,7,24,0,
2022-02-11 19:20,17,12,9,25,0,
2022-02-12 02:30,15,13,11,22,0,
2022-02-12 07:20,15,13,11,22,0,
2022-02-12 14:30,15,12,11,22,0,
2022-02-12 19:20,14,12,13,23,0,
2022-02-13 02:30,14,12,14,26,0,
2022-02-13 07:20,14,12,14,26,0,
2022-02-13 14:30,14,11,17,27,0,
2022-02-13 19:20,13,11,19,27,0,
2022-02-14 02:30,15,11,20,27,0,
2022-02-14 07:20,16,11,19,28,0,
2022-02-14 14:30,16,11,15,26,1,
2022-02-14 19:20,18,10,17,25,1,
2022-02-15 02:30,19,10,13,27,1,
2022-02-15 07:20,18,11,13,27,1,
2022-02-15 14:30,18,11,12,28,1,
2022-02-15 19:20,15,11,12,29,1,
2022-02-16 02:30,15,11,12,30,1,
2022-02-16 07:20,15,11,12,32,1,
2022-02-16 14:30,15,11,14,31,0,
2022-02-16 19:20,17,12,14,27,0,
2022-02-17 02:30,17,13,15,27,0,
2022-02-17 07:20,16,13,15,27,0,
2022-02-17 14:30,16,15,12,27,0,
2022-02-17 19:20,16,14,10,30,0,
2022-02-18 02:30,15,14,11,29,0,
2022-02-18 07:20,16,12,11,30,0,
2022-02-18 14:30,16,11,9,32,0,
2022-02-18 19:20,18,11,9,28,0,
2022-02-19 02:30,17,11,9,26,0,
2022-02-19 07:20,17,11,10,26,0,
2022-02-19 14:30,17,9,11,25,0,
2022-02-19 19:20,17,6,10,25,0,
2022-02-20 02:30,15,9,10,25,0,
2022-02-20 07:20,14,9,10,26,0,
2022-02-20 14:30,14,9,10,27,0,
2022-02-20 19:20,13,9,4,25,0,
2022-02-21 02:30,13,9,4,21,0,
2022-02-21 07:20,12,9,4,20,0,
2022-02-21 14:30,12,9,6,22,0,
2022-02-21 19:20,11,9,7,24,0,
2022-02-22 02:30,13,9,7,24,1,
2022-02-22 07:20,13,9,5,23,1,
2022-02-22 14:30,14,8,5,21,1,
2022-02-22 19:20,17,9,5,21,1,
2022-02-23 02:30,16,11,7,23,1,
2022-02-23 07:20,16,11,7,24,1,
2022-02-23 14:30,16,8,7,28,1,
2022-02-23 19:20,19,8,11,34,1,
2022-02-24 02:30,19,11,14,28,1,
2022-02-24 07:20,19,9,14,27,1,
2022-02-24 14:30,18,9,13,29,1,
2022-02-24 19:20,17,10,13,25,1,
2022-02-25 02:30,16,11,17,28,1,
2022-02-25 07:20,16,10,17,28,1,
2022-02-25 14:30,16,10,14,21,1,
2022-02-25 19:20,18,10,5,14,1,
2022-02-26 02:30,17,11,7,16,1,
2022-02-26 07:20,15,12,9,17,1,
2022-02-26 14:30,14,12,9,16,1,
2022-02-26 19:20,12,13,11,17,1,
2022-02-27 02:30,12,11,11,18,1,
2022-02-27 07:20,12,11,11,19,1,
2022-02-27 14:30,12,11,11,24,1,
2022-02-27 19:20,11,10,10,24,1,
2022-02-28 02:30,12,12,10,22,1,
2022-02-28 07:20,12,11,10,22,1,
2022-02-28 14:30,11,10,9,22,1,
2022-02-28 19:20,11,11,11,25,1,
2022-03-01 02:30,10,12,11,24,3,
2022-03-01 07:20,11,11,11,22,3,
2022-03-01 14:30,12,11,15,22,3,
2022-03-01 19:20,12,13,14,23,3,
2022-03-02 02:30,12,15,15,24,3,
2022-03-02 07:20,12,14,14,24,3,
2022-03-02 14:30,13,13,15,25,3,
2022-03-02 19:20,15,14,15,21,3,
2022-03-03 02:30,14,15,17,19,3,
2022-03-03 07:20,14,15,17,19,3,
2022-03-03 14:30,15,13,16,23,3,
2022-03-03 19:20,12,11,16,24,3,
2022-03-04 02:30,11,12,16,25,3,
2022-03-04 07:20,11,11,16,26,3,
2022-03-04 14:30,11,10,11,27,3,
2022-03-04 19:20,10,9,7,22,3,
2022-03-05 02:30,13,11,7,19,3,
2022-03-05 07:20,12,12,8,21,3,
2022-03-05 14:30,13,12,8,24,3,
2022-03-05 19:20,11,7,9,26,3,
2022-03-06 02:30,12,7,10,27,3,
2022-03-06 07:20,12,7,10,29,3,
2022-03-06 14:30,12,7,11,26,3,
2022-03-06 19:20,11,9,6,26,3,
2022-03-07 02:30,12,9,8,28,3,
2022-03-07 07:20,12,9,8,32,3,
2022-03-07 14:30,12,9,11,22,1,
2022-03-07 19:20,10,8,12,18,1,
2022-03-08 02:30,9,9,10,17,1,
2022-03-08 07:20,9,8,10,16,1,
2022-03-08 14:30,10,8,11,18,1,
2022-03-08 19:20,9,8,10,16,1,
2022-03-09 02:30,9,7,10,20,1,
2022-03-09 07:20,9,7,10,20,1,
2022-03-09 14:30,10,6,11,18,1,
2022-03-09 19:20,11,6,11,17,1,
2022-03-10 02:30,11,7,7,23,1,
2022-03-10 07:20,11,6,8,23,1,
2022-03-10 14:30,12,6,9,23,1,
2022-03-10 19:20,11,6,9,15,1,
2022-03-11 02:30,10,6,7,16,1,
2022-03-11 07:20,11,6,7,17,1,
2022-03-11 14:30,12,6,9,16,1,
2022-03-11 19:20,10,7,8,19,1,
2022-03-12 02:30,9,7,10,18,1,
2022-03-12 07:20,9,7,10,18,1,
2022-03-12 14:30,9,7,11,18,1,
2022-03-12 19:20,9,6,9,15,1,
2022-03-13 07:20,10,6,11,22,1,
2022-03-13 14:30,10,8,10,23,1,
2022-03-13 19:20,10,7,10,20,1,
2022-03-14 02:30,10,8,11,23,1,
2022-03-14 07:20,10,8,11,22,1,
2022-03-14 14:30,10,7,11,21,2,
2022-03-14 19:20,11,8,10,18,2,
2022-03-15 02:30,10,10,10,19,2,
2022-03-15 07:20,10,11,10,20,2,
2022-03-15 14:30,10,11,10,19,2,
2022-03-15 19:20,12,11,10,18,2,
2022-03-16 02:30,13,10,8,21,2,
2022-03-16 07:20,13,9,8,20,2,
2022-03-16 14:30,13,9,8,15,2,
2022-03-16 19:20,13,9,8,14,2,
2022-03-18 21:02,13,7,8,20,2,
2022-03-18 21:30,13,7,8,21,2,
2022-03-20 20:33,13,10,9,28,0,
2022-03-21 02:30,14,11,9,29,0,
2022-03-21 07:20,14,11,10,29,0,
2022-03-21 14:30,14,11,10,19,0,
2022-03-21 19:20,13,11,5,17,0,
2022-03-22 02:30,11,10,6,18,1,
2022-03-22 07:20,12,10,6,18,1,
2022-03-22 14:30,12,10,8,15,1,
2022-03-22 19:20,12,11,5,17,1,
2022-03-23 02:30,13,13,8,16,1,
2022-03-23 07:20,13,10,8,16,1,
2022-03-23 14:30,13,10,8,15,1,
2022-03-23 19:20,14,10,5,15,1,
2022-03-24 02:30,16,12,7,17,1,
2022-03-24 07:20,16,12,7,17,1,
2022-03-24 14:30,16,12,9,14,1,
2022-03-24 19:20,17,12,4,12,2,
2022-03-25 02:30,15,13,7,12,2,
2022-03-25 07:20,14,13,7,12,2,
